emp_id,emp_first_name,emp_last_name,dep_id,hire_date,salary
1,Dyan,Surgener,100,08/07/20,$120463.28
2,Alana,Tomei,103,03/25/2021,$136872.38
3,Lianne,Lacroix,102,09/19/2011,$112556.75
4,Moss,Davidovich,101,08/29/2013,$147722.95
5,Mercie,Wolstencroft,102,11/07/02,$130475.52
6,Ardine,Dolden,103,03/19/2000,$151585.34
7,Erna,Fulle,101,09/21/2019,$71847.45
8,Lloyd,Burdikin,102,12/19/2015,$97891.68
9,Sheffy,Liddell,101,05/27/2001,$76744.19
10,Shannan,Fairnington,104,11/14/2016,$130946.85
11,Loraine,Doel,102,03/27/2013,$132812.40
12,Ximenes,Asbery,100,01/13/2008,$139200.72
13,Alfie,Ivannikov,103,05/18/2016,$97728.64
14,Abeu,Welman,103,01/05/07,$99163.43
15,Con,Doorey,101,04/30/2000,$110974.52
16,Elsey,Chree,103,03/29/2016,$144231.72
17,Carmon,Brumhead,100,06/24/2020,$104696.69
18,Palmer,Graalman,103,10/07/18,$72497.24
19,Feliks,Deetlefs,101,06/23/2005,$121851.86
20,Cathyleen,Mutlow,104,07/29/2017,$158966.92
21,Myrna,Chapelhow,100,11/11/00,$139397.07
22,Lindsy,McGeachy,102,12/11/20,$124895.97
23,Hayes,,103,02/21/2014,$145967.57
24,Hollyanne,Syne,101,03/06/13,$104636.98
25,Whitney,Attoc,103,10/19/2004,$85196.58
26,Alyse,Dourin,101,01/30/2009,$118383.39
27,Casey,O'Mahoney,103,10/15/2016,$156993.47
28,Stearne,Amer,100,05/06/12,$82375.86
29,Hersch,Fraschetti,101,10/01/04,$107745.97
30,Kristel,Ratt,103,11/15/2000,$97836.57
31,Averil,Shadwick,104,12/13/2006,$102731.53
32,Bruno,Skevington,100,01/26/2018,$98202.42
33,Jaquenetta,Menco,103,07/10/06,$107558.16
34,Freda,Dodridge,102,07/05/08,$157437.41
35,Suzi,Mellhuish,101,04/27/2013,$149694.56
36,Gabi,Sanzio,104,03/21/2013,$139460.68
37,Channa,McIlvoray,100,05/04/10,$116765.58
38,Jobey,Fidge,104,11/16/2016,$130182.44
39,Trude,,103,07/23/2006,$92927.19
40,Coraline,Stuckes,103,05/19/2019,$125581.92
41,Haily,Stonehouse,100,09/12/07,$73163.27
42,Ulla,Matterson,103,01/04/14,$80686.18
43,Taryn,Boyan,101,02/10/03,$156110.38
44,Lek,Pullinger,103,05/14/2002,$128006.93
45,Mavis,Derrell,100,08/17/2020,$103900.41
46,Amalia,,104,04/03/10,$127422.35
47,Seymour,Legon,102,03/14/2018,$97581.49
48,Kellen,Toothill,104,02/28/2015,$123557.74
49,Patsy,Toler,100,12/08/00,$95521.70
50,Charity,,104,08/19/2002,$142758.38
51,Birch,Ivchenko,100,03/24/2020,$126937.92
52,Margarete,Slack,104,02/13/2016,$158539.05
53,Emmie,Kohrt,103,06/12/13,$101582.55
54,Aldis,Biddle,103,02/16/2004,$135502.97
55,Nobe,Woodhouse,101,07/13/2006,$83832.70
56,Pauly,Danielli,103,08/17/2005,$159777.41
57,Danila,Halburton,104,06/22/2016,$146523.24
58,Charley,Dunnan,102,08/13/2017,$127543.54
59,Vin,Garritley,103,04/17/2002,$118328.41
60,Dyna,,101,01/08/15,$92298.22
61,Lief,Beaconsall,103,12/19/2017,$158844.53
62,Stefa,Sparke,103,03/17/2013,$152121.06
63,Romona,Avo,100,07/17/2017,$127497.89
64,Hagen,Nossent,103,01/11/07,$72526.20
65,Michell,,101,08/27/2018,$132275.58
66,Maynard,Ambrogioli,104,08/16/2017,$132917.80
67,Carola,Lang,102,02/19/2011,$129523.95
68,Sidonia,,100,12/27/2003,$96942.59
69,Reggi,,101,11/04/00,$96959.47
70,Kyle,Haker,103,01/27/2004,$88571.06
71,Agneta,Portal,100,07/15/2003,$83976.64
72,Brewster,Gerrietz,103,07/05/04,$141018.05
73,Delainey,Titchener,100,12/22/2011,$124397.03
74,Ulberto,,104,12/15/2009,$118220.04
75,Celia,Tinto,101,09/27/2018,$85906.42
76,Fairfax,Tiley,104,09/11/16,$154556.66
77,Jemimah,,100,04/13/2014,$137701.84
78,Julia,McCorkell,102,08/30/2006,$95769.57
79,Ansley,Worster,100,06/29/2013,$77271.41
80,Aubry,Simoneton,100,06/13/2015,$97653.80
81,Cal,Feldman,104,09/19/2018,$88075.22
82,Babbette,Mollatt,101,05/05/19,$97791.95
83,Bethany,Segrott,100,03/08/00,$150941.25
84,Julissa,Ferson,103,03/22/2016,$100116.61
85,Erminie,Brounsell,101,09/20/2002,$140908.20
86,Gratia,Lynch,103,05/18/2011,$129507.28
87,Conny,Tocque,103,01/13/2002,$78653.49
88,Perrine,,102,08/28/2009,$95727.55
89,Sigmund,Koubek,103,12/31/2012,$145196.04
90,Duke,,101,07/18/2006,$143547.12
91,Palmer,Bettington,103,03/12/14,$158269.57
92,Jacquelyn,Taffe,103,11/03/13,$88334.14
93,Amaleta,Beardall,101,07/07/15,$95190.23
94,Teena,Sturgess,100,08/22/2005,$79013.98
95,Elsey,Mountford,103,08/23/2012,$94887.73
96,Toinette,Vannini,101,03/18/2014,$82400.97
97,Todd,Kitcat,104,04/10/15,$120844.53
98,Crissie,MacLaughlin,100,03/31/2012,$100867.27
99,Rosaline,Rome,104,09/23/2007,$154957.60
100,Sutton,Josifovitz,104,10/10/19,$83028.64
101,Sutherlan,Oseman,101,04/14/2008,$153591.94
102,Timmi,Hagyard,104,10/06/19,$71917.85
103,Kris,Stribling,103,04/12/17,$153842.37
104,Tony,Saltsberger,101,03/04/14,$104579.80
105,Franciskus,Arundel,100,12/20/2004,$113305.14
106,Madalyn,Belli,104,05/02/10,$136119.75
107,Budd,Cohani,101,04/21/2010,$97245.62
108,Lucius,Merrien,103,03/30/2013,$93568.86
109,Olimpia,Lygoe,101,07/12/05,$142655.46
110,Rodina,Ronaghan,100,02/14/2001,$71985.86
111,Sigismondo,Copnar,103,02/23/2010,$80440.91
112,Noami,Degg,101,03/01/04,$142006.83
113,Pippa,Ronisch,102,06/07/03,$123431.53
114,Gerald,Peter,101,02/01/10,$110509.58
115,Tamara,,101,02/14/2017,$103595.74
116,Jackie,Cockaday,104,06/20/2006,$112514.72
117,Stearn,Squirrel,100,07/02/13,$77129.96
118,Jake,Dowty,103,09/04/15,$108023.28
119,Katti,Zapater,103,12/10/00,$103686.54
120,Diane-marie,Joder,101,02/24/2012,$104893.40
121,Petronia,Harkness,104,08/19/2009,$91446.74
122,Clemmy,Greggersen,101,12/15/2020,$154035.15
123,Basia,Tellwright,103,09/11/16,$99286.59
124,Honor,Scarasbrick,100,12/31/2003,$137163.34
125,Aeriel,Tamblingson,102,12/23/2002,$153334.90
126,Melesa,Kemmish,104,03/22/2008,$124992.07
127,Rufe,Blenkin,101,01/21/2011,$123154.43
128,Rourke,Moorfield,103,01/04/04,$137407.26
129,Bordie,Kleinzweig,103,12/31/2020,$87734.88
130,Kissie,Bony,100,11/06/19,$131399.40
131,Lainey,Sprigings,104,04/05/20,$85469.68
132,Matilda,Poletto,101,07/23/2012,$83159.75
133,Flossy,Cottel,100,05/21/2013,$137016.70
134,Felice,Bruin,103,06/11/19,$71484.81
135,Samuele,Carnduff,102,10/04/20,$72345.64
136,Mordy,Enos,101,08/19/2010,$74936.80
137,Marley,Deeny,100,04/28/2019,$152827.33
138,Leonid,Coase,103,02/14/2007,$132245.99
139,Cicily,Pendleton,103,04/09/21,$131787.99
140,Margi,Burwin,101,10/08/07,$114729.88
141,Ervin,Dunnan,100,02/16/2013,$144855.63
142,Allan,Doodney,104,01/28/2017,$128703.02
143,Torin,Seebright,100,02/11/20,$74256.12
144,Mercie,Fawloe,102,10/11/11,$86931.49
145,Angelo,Amey,103,05/24/2008,$80582.21
146,Gwenora,Challicum,101,12/28/2012,$138463.36
147,Roanna,Gerok,100,06/02/04,$117520.20
148,Bobbye,Edmunds,104,11/04/12,$90252.28
149,Dorothy,Pink,102,09/05/12,$148116.97
150,Jimmie,,101,11/10/12,$84789.98
151,Sileas,Dargue,100,12/14/2002,$101935.95
152,Robina,Shotboulte,103,10/20/2020,$120382.98
153,Fina,Tryhorn,103,11/29/2008,$109688.83
154,Diannne,Adacot,101,06/26/2020,$101232.83
155,Constancia,Covolini,100,07/05/18,$120573.08
156,Max,Bartosiak,103,03/28/2013,$74731.42
157,Aurea,Goodall,101,03/01/05,$153282.00
158,Tabb,Shafe,103,06/16/2001,$141710.61
159,Quintin,Drawmer,101,09/22/2019,$104635.54
160,Janos,Eddies,102,11/07/18,$144417.99
161,Mara,,103,05/16/2005,$140772.32
162,Laurice,Hillyatt,100,08/29/2020,$100248.15
163,Banky,Cossum,104,07/26/2008,$93325.50
164,Gaylor,Simmans,100,03/02/00,$90161.90
165,Prudy,Antonopoulos,101,07/12/09,$84619.72
166,Richmond,Kinloch,101,10/16/2016,$107939.92
167,Brunhilda,,102,03/08/17,$110151.66
168,Candida,,101,03/03/16,$125696.51
169,Pattie,Shooter,104,12/20/2003,$117584.72
170,Freida,Dethloff,103,01/25/2021,$121162.81
171,Raquel,Thireau,100,01/17/2012,$153874.59
172,Derrick,Podbury,104,12/07/09,$71236.35
173,Fayette,,104,12/14/2002,$138138.22
174,Antone,Lynds,101,04/09/19,$73757.29
175,Carma,,104,01/07/19,$155521.63
176,Harrietta,Jeayes,103,03/11/11,$103929.76
177,Prent,Bleasdille,100,05/14/2007,$95438.29
178,Berty,Pariso,104,07/09/16,$110561.91
179,Laurence,Ramsden,101,09/01/05,$129452.57
180,Remington,Moquin,100,05/17/2007,$130001.55
181,Alonso,Salway,101,03/26/2010,$92185.23
182,Corrinne,Charlesworth,102,01/07/13,$86856.12
183,Bevin,Clist,100,07/08/04,$103861.64
184,Andre,Prowting,101,02/09/02,$92656.38
185,Kaycee,Arntzen,103,06/18/2009,$140965.98
186,Gabi,Standing,104,04/06/14,$158109.12
187,Orrin,Bratt,100,08/14/2003,$128102.15
188,Padgett,Rigglesford,101,10/01/14,$114693.91
189,Jana,Fitzroy,104,09/25/2012,$120683.24
190,Joana,Mallows,104,02/19/2010,$95665.42
191,Conan,Jays,100,06/10/16,$159566.71
192,Laird,Treacher,101,04/08/21,$142898.95
193,Matti,Moxted,102,06/08/14,$127197.85
194,Ami,Peppin,104,07/21/2005,$95020.03
195,Randal,Drewett,100,11/14/2002,$106418.69
196,Bonnie,Dykes,104,07/11/17,$99341.28
197,Bil,Insko,101,08/07/06,$98240.63
198,Jess,Binestead,100,07/18/2013,$113679.56
199,Nicole,Pretty,101,01/17/2009,$113471.53
200,Sharity,Casseldine,103,09/11/09,$128533.87
201,Jose,Lowen,102,01/01/12,$97479.38
202,Betsy,Oller,104,04/24/2017,$92508.62
203,Emmeline,Galer,100,09/06/08,$73352.08
204,Neysa,Riba,103,04/25/2003,$72767.31
205,Daniela,Kettle,101,05/03/02,$71092.18
206,Lura,Huntley,102,07/03/03,$121374.18
207,Rosene,Filipovic,104,06/28/2009,$94571.63
208,Dreddy,,100,05/18/2005,$103583.16
209,Tudor,Mendus,104,09/28/2007,$132740.88
210,Sven,O'Curneen,100,06/13/2008,$150015.88
211,Allix,Blackbrough,103,09/02/17,$79243.64
212,Quintilla,,101,03/10/06,$135469.75
213,Alberta,Cale,104,04/03/18,$151709.42
214,Liva,Ronisch,102,10/30/2016,$130750.64
215,Wilie,Murrey,104,09/20/2017,$105749.23
216,Daisie,Nannetti,100,09/30/2008,$103546.63
217,Craggy,,103,04/03/19,$120182.14
218,Armstrong,Dace,101,07/23/2002,$90112.02
219,Elmira,Gecke,104,11/09/10,$151814.36
220,Jarred,,100,08/14/2017,$76353.50
221,Genny,Priditt,103,06/03/20,$146594.09
222,Corene,Argente,101,07/08/06,$101574.22
223,Tad,Fairey,104,01/11/15,$83620.02
224,Georgeanne,Ussher,101,06/08/14,$154137.73
225,Northrup,Elsie,104,02/28/2007,$91725.06
226,Benedetto,Smeed,102,11/30/2015,$92719.72
227,Bart,Skipsea,104,04/08/09,$123530.81
228,Ynez,Buncombe,100,05/22/2008,$98707.33
229,Stearn,Jopson,103,08/02/00,$145947.95
230,Jannel,Samples,104,02/16/2020,$147867.90
231,Katrina,Bernaciak,101,08/21/2016,$155879.39
232,Ruby,Callender,100,11/18/2017,$115219.92
233,Skipper,Ruddle,104,09/07/09,$108594.15
234,Niels,Dollman,101,01/20/2006,$105558.44
235,Isacco,Wareham,103,06/08/06,$77807.95
236,Carolann,Mosconi,102,08/13/2016,$83123.21
237,Simon,Allibone,104,03/30/2020,$152342.48
238,Malia,Speek,100,11/18/2001,$159520.74
239,Weider,St Leger,103,12/25/2003,$73816.40
240,Rosmunda,Conichie,104,04/29/2000,$122738.54
241,Ofelia,,103,01/06/09,$81392.30
242,Hannis,Simnel,101,01/31/2011,$157229.02
243,Brion,Blaskett,104,04/07/05,$74884.79
244,Carmelia,Burgise,104,01/04/11,$109949.76
245,Shurlocke,McComiskey,102,08/29/2005,$80019.83
246,Baron,Birrell,104,05/20/2017,$72492.84
247,Tedd,,103,11/13/2008,$127822.28
248,Clevey,Samsonsen,100,11/13/2004,$147996.06
249,Tan,Lewson,103,10/26/2014,$134596.50
250,Donielle,Eisak,103,01/11/12,$99948.18
251,Jaquelin,Rouzet,104,05/02/09,$123977.57
252,Rem,Rickman,103,04/28/2012,$85874.92
253,Rufus,Pegrum,100,05/04/09,$83033.41
254,Cindy,Pemble,104,02/26/2012,$118277.54
255,Madelaine,Syddie,102,07/07/01,$74857.62
256,Lynn,Dimmack,100,02/24/2015,$72000.92
257,Loutitia,Saladine,104,05/17/2014,$84446.50
258,Florence,Bockings,104,09/03/07,$95989.15
259,Stanley,Northwood,101,06/03/13,$138499.43
260,Becki,Tully,104,05/22/2014,$84184.55
261,Rebe,Jankin,103,05/14/2001,$111215.25
262,Bethanne,Suller,103,04/08/09,$84924.48
263,Ronny,Coneley,100,04/19/2008,$132083.42
264,Hakeem,Goodrum,102,08/15/2011,$129834.71
265,Jacob,Gilardone,104,09/25/2015,$149358.39
266,Thia,Tearny,100,02/06/18,$122688.28
267,Kiah,,103,12/29/2006,$111459.76
268,Tucky,Hurler,104,10/21/2017,$74474.43
269,Stacy,Cleaver,101,09/21/2011,$151311.61
270,Giffie,Posen,104,12/19/2016,$79280.37
271,Sky,Solano,103,07/06/18,$120365.90
272,Charmine,Radclyffe,104,01/17/2003,$110444.64
273,Ame,Rentenbeck,100,08/07/19,$158089.92
274,Dyana,Crush,102,03/21/2017,$96365.68
275,Ron,Wookey,103,01/01/14,$139537.87
276,Kiri,McKeaveney,101,10/24/2020,$125242.06
277,Hayward,Pinkie,103,02/11/03,$142625.72
278,Aeriel,Eliez,101,12/05/00,$74049.02
279,Michale,McCosker,100,07/04/15,$71330.94
280,Aldis,Lindemann,104,12/28/2006,$84486.29
281,Sarina,Suller,100,01/12/08,$89347.99
282,Tessi,Gorick,103,05/14/2014,$99343.84
283,Denis,Hawkswood,104,01/16/2019,$79435.75
284,Dulcie,Celler,101,11/03/12,$133700.61
285,Janel,Gullberg,102,07/01/02,$152243.38
286,Vally,Blanc,104,03/05/19,$119059.26
287,Lilas,McCarle,101,11/06/16,$159642.36
288,Tressa,Sulman,104,06/13/2018,$159969.21
289,Timothy,Ommundsen,101,06/14/2013,$121072.80
290,Juana,Benitti,104,09/07/16,$100884.42
291,Frank,Climson,103,10/30/2018,$104609.12
292,Maximilianus,Vivien,101,04/04/20,$112011.06
293,Ogdan,Frissell,100,07/05/03,$76642.88
294,Ulrika,Trythall,104,07/01/05,$116182.67
295,Ralf,Beamish,104,05/10/00,$132466.38
296,Alane,Scarborough,101,08/19/2006,$145964.77
297,Alix,Spini,104,02/04/00,$91316.10
298,Alexia,,100,02/05/06,$99237.72
299,Gualterio,Thebes,103,05/06/19,$72480.57
300,Saleem,Broske,101,08/13/2003,$89417.51
301,Flossi,Riggulsford,104,04/16/2018,$73122.34
302,Tito,Clemensen,101,06/07/19,$77336.10
303,Carline,Nancekivell,100,09/09/07,$132180.64
304,Domingo,Olner,104,09/12/13,$115948.24
305,Bradly,Lipson,102,01/15/2015,$70080.21
306,Lanette,Urquhart,103,12/04/18,$106793.18
307,Diena,Tarquinio,100,08/17/2006,$129243.73
308,Kizzee,,104,05/12/05,$104170.22
309,Ainsley,Brissenden,101,08/16/2018,$100832.41
310,Joli,,104,03/23/2009,$81481.68
311,Jefferson,Carnall,101,07/26/2000,$73323.20
312,Hillie,Golson,103,04/18/2016,$95648.73
313,Tove,Casement,100,08/08/06,$150952.64
314,Wolf,Bruggen,103,04/08/20,$75458.28
315,Kennedy,Pattesall,103,08/27/2000,$146886.10
316,Bertie,Murkitt,101,06/23/2003,$100980.24
317,Margareta,Keeltagh,104,06/16/2014,$153803.42
318,Kathye,Fenlon,100,02/11/01,$144059.55
319,Tristan,Insoll,104,10/12/09,$94827.71
320,Brendis,,101,11/03/11,$81117.32
321,Emmy,,103,11/22/2009,$159465.75
322,Teddie,Abadam,101,04/04/00,$154952.71
323,Neddy,Carillo,100,01/28/2004,$125946.71
324,Querida,Fowle,104,07/01/07,$130311.05
325,Fredia,Priddy,103,07/12/15,$84757.77
326,Yorker,Saintsbury,101,10/02/00,$142477.89
327,Jeremias,Gillbard,104,02/13/2008,$97500.17
328,Perren,Suston,102,12/22/2014,$79988.94
329,Dode,Isaac,101,06/03/07,$120521.04
330,Selle,Doidge,100,06/01/10,$82400.81
331,Felicity,Le Leu,103,01/07/02,$128980.56
332,Aluin,Cattow,101,02/16/2016,$101121.78
333,Town,Stendall,104,09/25/2012,$133963.61
334,Chevy,Tuohy,101,10/10/01,$142094.30
335,Cob,Steinson,100,10/21/2017,$93340.38
336,Barret,Horsell,104,04/18/2006,$70630.28
337,Kristofor,Fripp,103,06/30/2000,$144664.84
338,Ronnie,Thrift,101,01/23/2019,$88069.28
339,Emmalynn,Rounsefell,104,03/10/21,$113166.42
340,Kaela,Rowlstone,104,12/22/2000,$130901.06
341,Archy,Zielinski,101,11/11/12,$120096.66
342,Alfonse,Balk,102,07/18/2011,$85605.77
343,Schuyler,,103,04/19/2000,$122623.99
344,Freddy,Quaintance,103,08/21/2014,$76969.15
345,Palm,Brennon,100,02/14/2009,$109359.86
346,Thaddus,Limbourne,104,01/31/2014,$145413.93
347,Guntar,Culross,101,04/03/08,$76580.52
348,Sibyl,Garett,102,08/01/20,$134436.61
349,Giffie,Braam,104,02/06/07,$101213.11
350,Wait,Bockett,100,04/22/2010,$145928.89
351,Leonardo,Kirrens,104,07/13/2001,$126501.37
352,Alida,McKirton,101,12/03/09,$132769.57
353,Elfrida,Alldis,103,02/17/2015,$73991.72
354,Leeann,Willoway,103,05/09/11,$107165.12
355,Marline,Record,101,10/04/00,$144895.79
356,Kala,Bedboro,100,07/02/03,$116747.79
357,Culley,Nizet,102,06/23/2013,$100887.93
358,Dalton,Luddy,104,06/17/2019,$103573.45
359,Lem,Coalburn,101,05/27/2007,$104897.08
360,Jakie,Edwinson,104,02/29/2004,$115207.46
361,Agretha,Mandrier,100,07/22/2016,$82013.34
362,Janos,Whilder,104,05/08/07,$156540.16
363,Benji,,100,10/27/2019,$119540.68
364,Birdie,Shakespeare,102,11/26/2012,$93794.69
365,Ronald,Bunston,104,03/29/2006,$154172.45
366,Eldridge,Corcut,100,06/29/2017,$89848.24
367,Christabella,,103,11/28/2011,$123310.46
368,Fiorenze,Bailles,103,04/08/00,$151083.05
369,Erin,Boddington,101,05/03/04,$153177.85
370,Rosina,,104,12/27/2013,$154183.24
371,Obadiah,Wardrop,101,07/26/2002,$125590.35
372,Mycah,Margrem,104,03/30/2003,$136464.80
373,Earle,Marris,100,08/28/2005,$143702.00
374,Brigitta,Chorley,104,11/23/2017,$132770.87
375,Mord,Loyns,101,10/01/12,$117659.88
376,Rodger,O'Kieran,103,01/06/17,$126734.85
377,Deane,Jelk,102,09/30/2006,$127781.10
378,Quill,Clurow,100,01/06/11,$143918.53
379,Darlene,Philippault,102,04/17/2017,$149589.49
380,Thaxter,Shinton,104,09/05/13,$98650.07
381,Janenna,Habberjam,101,07/30/2001,$149003.93
382,Melinde,Aspell,103,02/09/14,$136973.64
383,Evelyn,Covelle,100,10/20/2004,$74726.11
384,Titus,Tyt,104,09/27/2010,$72368.97
385,Wallache,Ixer,101,02/09/14,$90301.02
386,Creighton,McKevin,103,02/02/13,$118058.70
387,Horatio,,102,02/22/2019,$80417.67
388,Alisa,Manes,100,03/04/05,$116917.71
389,Jourdain,Jagiello,104,03/06/21,$115413.93
390,Vick,Dare,101,12/01/07,$159660.74
391,Xenos,,104,04/21/2004,$133849.56
392,Stillman,Risen,100,01/11/06,$120579.26
393,Bonnie,Gopsill,102,04/09/09,$149956.39
394,Fredericka,Simonett,103,06/30/2006,$153258.29
395,Lezlie,Rammell,100,07/21/2000,$135766.22
396,Wenonah,Milham,104,04/14/2021,$109631.45
397,Carola,Kiffin,103,11/07/06,$134822.31
398,Frannie,Celier,101,12/31/2012,$105402.69
399,Hughie,Piper,100,05/10/06,$126091.51
400,Aloysia,Waryk,104,02/02/16,$137547.21
401,Gavrielle,Shakeshaft,102,02/04/11,$91740.99
402,Vittoria,Glenn,101,02/19/2013,$71471.33
403,Adrianne,Gilleon,103,06/15/2015,$156724.44
404,Clarinda,,100,07/29/2005,$104807.38
405,Jessie,Writer,104,05/31/2019,$136815.09
406,Terrell,Bartolomivis,101,08/22/2014,$145151.59
407,Cal,Folshom,103,08/25/2016,$96034.65
408,Orelie,Studdard,103,03/01/01,$102898.86
409,Tibold,Franckton,101,03/06/07,$99849.59
410,Darell,Pampling,100,02/02/12,$78552.77
411,Anni,Yallop,102,02/18/2009,$92284.84
412,Marga,Zaple,104,01/20/2005,$121091.73
413,Sascha,Scain,101,05/10/08,$92978.13
414,Berky,Woodier,103,05/05/16,$84523.57
415,Chalmers,,100,08/09/18,$108296.60
416,Dorthea,Chelsom,104,01/05/10,$133364.98
417,Nicolette,Ivasechko,101,01/11/18,$113754.35
418,Sharron,Lewins,104,08/12/07,$117053.73
419,Chrystel,Rudland,103,03/13/2005,$144866.24
420,Valaria,,100,04/11/09,$151667.92
421,Berthe,Warry,104,09/17/2012,$151356.86
422,Lance,Stuther,101,06/19/2011,$153849.16
423,Jessie,Markham,104,02/17/2017,$71966.28
424,Jdavie,Gadesby,102,11/19/2009,$132602.02
425,Scarlet,Statefield,100,04/08/00,$140693.51
426,Mayne,Meneely,104,11/09/08,$139969.55
427,Gerti,Bunner,100,05/14/2008,$96649.00
428,Tiphany,Stobie,103,10/19/2001,$150665.68
429,Stella,Ibotson,101,09/13/2005,$79814.09
430,Nikos,Thurlby,104,07/06/14,$153398.49
431,Carmita,Whenham,100,06/23/2011,$100333.77
432,Adey,Farlow,103,05/26/2019,$91104.44
433,Peria,Brodeur,101,06/11/08,$101829.20
434,Esther,Foyston,103,01/28/2003,$150043.52
435,Adolphus,Regorz,100,03/12/14,$91670.76
436,Arly,Bertram,102,02/12/02,$84030.03
437,Bernie,Labat,104,11/05/08,$86500.65
438,Tarah,Wrigglesworth,101,07/12/04,$149034.98
439,Briant,,104,09/30/2003,$144481.10
440,Deanne,Konzel,103,05/13/2020,$152212.44
441,Dominique,Geffinger,101,03/05/05,$88071.96
442,Jan,Haylock,103,05/13/2004,$96562.32
443,Ana,Wheble,100,11/16/2020,$132976.28
444,Glory,Ecob,104,01/25/2002,$109629.33
445,Reamonn,Pegden,102,01/18/2003,$150726.95
446,Austin,Puttnam,101,03/18/2001,$116224.29
447,Cherilyn,,103,08/22/2002,$100821.78
448,Sula,Warlton,104,04/16/2008,$83133.59
449,Mollee,Saffon,100,01/16/2007,$76087.02
450,Alessandra,Skitral,104,07/20/2014,$147339.43
451,Eldredge,Marval,104,07/01/11,$110063.52
452,Auroora,Shoorbrooke,101,08/25/2016,$140453.58
453,Ruperto,,103,01/04/20,$86091.72
454,Saundra,Barok,100,12/28/2015,$84800.11
455,Daisy,Bassom,102,07/13/2013,$136495.66
456,Stacy,Yorston,104,01/20/2018,$116520.34
457,Sandro,Bulley,101,04/11/04,$115792.69
458,Vassily,Eberdt,103,03/20/2018,$95477.18
459,Jeddy,Chasier,100,06/01/14,$78723.94
460,Lena,Lyddon,103,02/19/2013,$82630.70
461,Cyrille,,103,10/11/19,$93812.15
462,Gordan,Howse,100,05/15/2003,$123929.46
463,Keen,McReynold,104,12/18/2015,$74964.37
464,Kasey,Dwerryhouse,102,10/03/07,$70681.48
465,Andriette,Riley,101,06/03/18,$103933.80
466,Dudley,Tomasicchio,100,08/22/2001,$115004.59
467,Ginnifer,Shields,104,09/21/2009,$88489.86
468,Penrod,Knipe,104,08/18/2002,$71047.86
469,Tabina,MacPake,101,04/30/2018,$110734.18
470,Ezekiel,Segges,104,05/15/2000,$129974.52
471,Reeta,,103,09/03/08,$138394.74
472,Hester,Klossmann,100,06/14/2011,$121171.37
473,Gideon,Jacobi,104,05/01/14,$79986.88
474,Ruthy,,103,01/19/2009,$106920.16
475,Tuesday,Judron,102,12/22/2013,$116414.76
476,Arvie,Cogar,102,06/10/00,$154450.01
477,Wiatt,Layman,103,04/24/2019,$89205.59
478,Leia,Kestian,101,01/26/2004,$141378.05
479,Aveline,Jirus,100,04/30/2007,$84966.65
480,Elsworth,Fennelow,103,08/26/2016,$123694.14
481,Starla,Sibson,104,11/29/2012,$153502.28
482,Adolphus,Yele,101,10/14/2013,$110525.81
483,Guilbert,Torrance,104,03/06/10,$99128.13
484,Cesaro,,100,05/25/2013,$115090.42
485,Orly,,100,08/17/2010,$100627.36
486,Elia,,103,08/03/05,$145220.77
487,Reed,Spencley,101,05/16/2019,$125234.19
488,Analiese,Crowley,104,03/14/2017,$91296.94
489,Cindra,,101,11/16/2019,$71855.14
490,Dana,,104,05/31/2017,$97468.67
491,Ivonne,Elflain,102,03/30/2013,$131571.70
492,Delcine,,101,03/13/2021,$118266.64
493,Marnie,Huguet,104,07/16/2003,$135773.39
494,Joye,Papis,100,04/14/2015,$109262.14
495,Lyndell,Ethelstone,103,03/01/13,$109699.54
496,Bartholomew,,103,01/22/2014,$145683.04
497,Dickie,Vause,101,06/10/10,$133718.07
498,Clari,Kaman,104,01/06/20,$87409.92
499,Rachelle,Boltwood,104,04/26/2004,$109966.97
500,Emeline,,101,07/31/2006,$131624.51
501,Ewan,Wrennall,100,04/19/2005,$76421.55
502,Alvie,Bruckman,104,09/26/2015,$110594.52
503,Sibella,,101,03/01/12,$99271.88
504,Henka,Patkin,103,07/27/2020,$113732.77
505,Pearl,Dochon,102,10/22/2016,$147832.50
506,Nathanial,Adshed,104,03/02/18,$122301.23
507,Monti,Zucker,101,12/13/2005,$104433.71
508,Son,Kenningley,104,06/05/07,$97178.53
509,Hi,Jarad,102,11/18/2008,$146632.17
510,Lorilyn,Pasek,100,03/01/14,$151138.91
511,Hewie,Lowater,101,02/06/11,$72226.91
512,Giraud,Prophet,103,07/10/14,$90046.95
513,Stacia,Bosher,103,01/31/2021,$102926.30
514,Luz,Frane,100,05/12/06,$142632.74
515,Delia,Allardyce,104,02/22/2020,$72104.70
516,Aubrette,Parminter,101,07/02/13,$144395.97
517,Whittaker,Garrick,104,02/27/2011,$156377.39
518,Caroljean,Brickstock,102,01/05/03,$111956.57
519,Desiree,Le Grys,104,12/31/2019,$126709.16
520,Rena,Vigurs,100,10/04/00,$130152.32
521,Betteanne,Dongate,104,01/10/07,$70008.56
522,Gratiana,Cake,101,04/21/2018,$154250.03
523,Spike,Gussie,103,07/11/14,$149744.79
524,Dilan,Marston,104,12/23/2006,$88095.57
525,Ted,Bamb,101,06/06/09,$128844.25
526,Ravid,Berisford,100,11/30/2019,$100407.49
527,Lynn,Lethbrig,103,11/09/15,$95851.53
528,Tammy,Roblou,103,02/17/2019,$73861.13
529,Koo,Earle,101,11/17/2012,$100672.41
530,Karil,Huke,104,09/28/2020,$97387.96
531,Meryl,Rillstone,102,07/06/17,$106921.76
532,Bibi,Legan,100,06/12/02,$121483.69
533,Dexter,Zanuciolii,104,10/30/2016,$126341.07
534,Karl,Liven,101,06/09/11,$123940.12
535,Roman,Amor,103,03/16/2006,$124699.84
536,Benedict,Challes,100,03/12/06,$146944.85
537,Darnall,Dowden,104,08/15/2004,$111073.35
538,Brewster,Attwood,102,01/07/02,$127444.02
539,Emerson,Runnalls,104,12/27/2003,$119748.67
540,Boris,Adriano,101,10/11/10,$100346.65
541,Coleen,Widdicombe,100,06/24/2004,$111022.20
542,Meryl,,103,05/28/2013,$76369.65
543,Dominique,Carthew,104,12/12/13,$119527.17
544,Anselm,Caccavari,103,09/14/2017,$158482.65
545,Claudianus,Wybourne,101,09/18/2008,$89132.09
546,Dell,,104,07/15/2008,$92027.97
547,Wilmette,Paula,100,09/10/12,$79045.97
548,Gregoire,,104,04/13/2013,$115665.39
549,Rivi,Halson,101,06/22/2008,$94061.43
550,Cicely,Knobell,103,10/01/15,$136476.03
551,Chris,Daltry,102,03/30/2020,$89234.94
552,Lynnette,Abbot,100,05/20/2016,$134886.94
553,Ephraim,Bohan,103,01/12/14,$105850.61
554,Brittany,Spatoni,101,11/23/2015,$132783.44
555,Fanni,,104,06/15/2013,$73882.64
556,Bonita,Paul,100,01/09/04,$145882.27
557,Vale,,103,02/10/14,$121957.49
558,Pollyanna,Guerrieri,103,08/04/12,$131898.68
559,Merl,Skull,103,08/13/2010,$114225.97
560,Del,Shotboulte,101,09/29/2000,$97255.93
561,Daffi,Fawks,100,12/04/06,$140532.05
562,Sheeree,Jarrad,103,01/27/2005,$71239.80
563,Donnie,Measen,103,12/12/15,$99869.12
564,Guy,Cotty,101,03/03/14,$119863.52
565,Jacquette,,102,12/21/2019,$118342.62
566,Ulises,Pavlenko,103,04/11/15,$117261.77
567,Myles,Clift,101,09/01/02,$109428.35
568,Gayel,Carman,100,09/12/04,$102166.24
569,Tanney,Radbourne,104,11/16/2004,$159927.58
570,Christy,Ledson,104,04/09/11,$79649.50
571,Jeralee,Erett,101,07/13/2003,$140534.83
572,Kellie,,104,02/26/2011,$147525.76
573,Rayna,Coutts,101,04/06/20,$96548.90
574,Donica,Tull,100,11/29/2013,$144188.16
575,Chrystal,Siaskowski,104,09/05/08,$125744.11
576,Silvester,Cleary,101,12/18/2011,$140780.19
577,Celinda,Millery,102,10/17/2000,$144868.16
578,Ruthi,Cawsey,103,12/04/13,$123308.99
579,Birch,Iacomi,101,10/26/2018,$137932.64
580,Arnaldo,,104,01/14/2010,$134259.01
581,Kelby,Duffrie,100,03/01/07,$119213.64
582,Stanwood,Brader,103,03/30/2021,$73315.48
583,Netti,Barcroft,101,05/17/2009,$107322.39
584,Corette,Dearness,103,08/03/15,$100005.91
585,Hersh,Ramshaw,100,10/08/18,$137341.39
586,Allyn,Frear,104,07/27/2007,$148054.73
587,Cherianne,Couche,103,06/02/19,$146433.28
588,Sibby,Borzone,102,08/20/2020,$158570.41
589,Kathy,Mangon,104,06/09/01,$151063.02
590,Smitty,Sherr,104,05/07/08,$134128.75
591,Rana,Message,100,06/05/16,$158417.07
592,Theodore,Yanshonok,104,04/19/2012,$156262.92
593,Arleta,Windybank,103,12/22/2019,$124276.37
594,Aida,Ronisch,101,10/13/2014,$126505.57
595,Harrie,Giuroni,104,10/28/2006,$116316.60
596,Skippie,Deschlein,100,07/20/2013,$73785.81
597,Ludovico,Lambarton,100,07/20/2004,$74045.63
598,Merci,Reis,100,08/15/2011,$113202.94
599,Taffy,Casterou,100,07/14/2001,$144940.92
600,Ase,Denge,100,06/02/08,$90953.42
601,Cammie,Sedcole,100,02/01/05,$80391.77
602,Axe,Stubbins,103,03/03/03,$128395.29
603,Wain,Rulten,100,07/01/06,$158358.10
604,Linette,Sangra,102,02/01/08,$83028.17
605,Hedwig,Alty,103,12/25/2000,$120421.85
606,Keary,,100,11/15/2002,$157062.58
607,Aubrette,Cordon,103,09/16/2019,$86454.29
608,Erastus,McCabe,100,01/01/01,$78774.02
609,Benedetto,,104,11/17/2018,$79329.56
610,Edna,Sciacovelli,104,07/30/2015,$141903.30
611,Ardisj,Crilly,100,05/02/01,$93537.22
612,Nani,Brandone,104,10/22/2000,$152465.77
613,Jermain,Chastan,103,12/30/2010,$97831.98
614,Matthieu,,100,09/17/2010,$93084.67
615,Corilla,Lemar,104,08/31/2017,$95231.85
616,Corette,,102,01/20/2011,$122093.85
617,Robert,Monnelly,103,06/21/2020,$155610.96
618,Marlie,Duchatel,100,10/08/07,$130518.17
619,Waverly,Constantine,103,06/17/2003,$109150.37
620,Bondie,Cleever,103,09/10/16,$78634.29
621,Noll,Cruikshanks,104,06/02/03,$116940.59
622,Wren,Caizley,100,12/30/2017,$85540.25
623,Izabel,Tomala,102,02/08/16,$94836.02
624,Cyndi,Miguel,104,01/11/07,$141139.20
625,Manda,Fass,104,01/28/2005,$82294.83
626,Bebe,,103,06/17/2001,$110368.85
627,Krystyna,Purslow,101,01/05/20,$104445.65
628,Heath,Routh,104,05/19/2008,$79221.81
629,Corina,Gammon,100,06/01/19,$115054.98
630,Dara,Gainseford,103,02/23/2021,$79562.18
631,Mag,Fashion,104,12/21/2012,$106085.85
632,Judi,Landrean,100,01/01/12,$158596.82
633,Bret,Francklin,104,02/24/2004,$159652.75
634,Charla,Hadwen,104,04/10/03,$115753.11
635,Lanna,Roberti,102,10/16/2012,$78510.07
636,Nevil,Mephan,100,05/14/2020,$135810.32
637,Hannah,Corker,103,04/17/2015,$106565.13
638,Flossi,Callander,104,01/15/2017,$124110.93
639,Sybilla,Budding,100,01/26/2002,$103193.77
640,Patrice,Moorcraft,104,04/17/2013,$76941.18
641,Aldus,Seden,100,01/18/2013,$123831.48
642,Brandi,Degli Antoni,103,02/02/19,$99929.34
643,Andee,Gemlett,103,02/26/2018,$90793.16
644,Lannie,Evins,100,07/11/01,$88543.15
645,Gabriela,Faughey,103,06/28/2002,$72531.66
646,Roby,,100,05/18/2018,$150656.96
647,Hadlee,Tales,103,02/03/11,$155079.41
648,Tyrus,Vickarman,100,06/03/02,$79289.44
649,Odo,Kyffin,102,04/03/06,$95975.52
650,Elston,Elles,100,04/02/15,$81082.24
651,Toddy,Bouzan,103,07/28/2020,$100968.70
652,Johanna,Falconer-Taylor,100,08/31/2013,$81257.81
653,Arliene,Daniele,103,05/06/12,$72830.27
654,Jenifer,,103,06/28/2013,$99182.08
655,Stafani,Durden,104,09/11/03,$72954.82
656,Jessamyn,Caudrey,103,06/19/2002,$145258.99
657,Georgetta,Tulloch,100,05/25/2018,$80840.27
658,Celka,Glacken,104,12/14/2014,$112444.72
659,Sapphira,Broggini,103,03/20/2021,$94484.54
660,Matty,,101,01/10/10,$128044.50
661,Vin,Brunelleschi,103,03/23/2021,$141200.86
662,Bartie,Liddicoat,100,08/03/19,$121360.65
663,Catriona,Skullet,103,06/21/2015,$96365.87
664,Morton,Budcock,103,09/27/2010,$142034.80
665,Conant,Grubey,102,04/09/08,$100999.28
666,Garland,Staniford,103,01/16/2013,$104937.37
667,Nannette,Yersin,104,12/29/2007,$79074.06
668,Teena,McAne,103,01/16/2016,$116474.15
669,Camellia,Kellick,100,05/05/19,$105303.89
670,Rebeca,Connock,104,11/20/2000,$117987.21
671,Silvano,Canland,103,02/19/2017,$135207.16
672,Catarina,Heinert,101,12/07/10,$103240.73
673,Alexis,Darkin,104,02/17/2005,$102242.63
674,Domini,Challicum,103,07/30/2002,$156845.67
675,Benjamen,Widdowes,101,07/10/11,$85504.59
676,Crysta,Cromarty,104,10/17/2009,$149708.66
677,Rubie,Ropcke,100,12/31/2007,$92317.24
678,Cristionna,,103,05/16/2018,$95796.73
679,Lorine,Mattusov,103,03/07/19,$146590.76
680,Horace,Christoffels,102,08/01/12,$132277.21
681,Hillery,Lauret,104,11/26/2001,$115789.03
682,Catrina,,103,08/06/02,$100524.28
683,Kim,,100,01/06/09,$132483.64
684,Margaretta,Gorhardt,103,03/18/2000,$145843.91
685,Cathrine,Gillbard,103,04/30/2007,$76098.12
686,Marv,Lethieulier,104,03/11/11,$71011.03
687,Henrieta,Towell,100,08/02/15,$117242.99
688,Georgiana,Salack,101,09/10/08,$91496.63
689,Kissie,Kield,103,01/27/2006,$127360.57
690,Murdoch,Hayle,100,04/18/2005,$71740.28
691,Darin,Norheny,103,10/12/08,$98642.27
692,Adele,Kaine,102,07/25/2016,$86481.65
693,Casper,,104,12/30/2000,$141307.58
694,Dino,Newlan,100,04/28/2010,$117211.89
695,Ophelia,Dowrey,103,06/16/2015,$112697.04
696,Calhoun,Greenhow,103,04/24/2015,$99054.82
697,Anatola,Howling,103,04/27/2020,$144732.09
698,Starr,Ritzman,100,01/26/2010,$87259.11
699,Jeromy,Gleadle,103,11/07/19,$152276.86
700,Rici,Cashell,103,02/08/02,$70326.58
701,Jilli,Stannis,100,07/17/2019,$82681.59
702,Konstantine,Pinn,104,12/04/02,$89458.79
703,Rosemaria,Lamas,100,09/10/17,$155687.86
704,Dinah,Hintzer,103,10/08/02,$99142.11
705,Teressa,Fullerlove,100,09/18/2002,$117998.73
706,Margareta,Orrocks,104,10/25/2004,$110798.31
707,Lottie,Gamble,102,09/17/2013,$117477.77
708,Arleyne,Beernaert,100,09/26/2001,$91199.35
709,Jackquelin,Mounsie,103,11/21/2012,$129510.23
710,Tremain,Crepel,104,06/26/2016,$98803.36
711,Lamond,,102,02/02/18,$80620.66
712,Renault,Terrell,100,02/28/2020,$101707.82
713,Bernardina,,103,10/31/2017,$103757.53
714,Klarrisa,Gouldbourn,101,02/06/21,$153871.48
715,Janaya,Pickersgill,102,02/14/2014,$75712.67
716,Shauna,Speachley,100,08/10/11,$81351.82
717,Palm,McGing,104,03/06/21,$83003.71
718,Lauren,,102,08/02/13,$85605.26
719,Lauryn,Marjanski,104,08/21/2003,$102107.18
720,Selia,Sharplin,100,05/04/11,$133463.20
721,Leo,Zecchi,103,04/13/2002,$75253.18
722,Cookie,Leeves,100,06/30/2018,$149145.36
723,Nadean,Lufkin,103,02/03/03,$134054.82
724,Ced,Clows,104,05/24/2020,$76116.76
725,Ritchie,Godding,100,10/28/2002,$125782.02
726,Anny,Yarrall,102,03/14/2011,$104904.56
727,Emanuele,Ropkins,103,04/09/06,$104627.15
728,Thurstan,Bessett,100,10/27/2016,$92300.45
729,Morrie,Lakes,102,06/12/08,$146700.03
730,Liliane,Cullrford,104,02/23/2011,$79845.63
731,Chelsy,Cantopher,103,05/17/2016,$118911.45
732,Madalyn,Lemon,100,06/18/2014,$89972.20
733,Gayel,Schulke,102,09/25/2000,$100433.18
734,Alison,Joder,103,09/20/2017,$113465.65
735,Debi,Egleton,103,05/04/18,$107016.01
736,Alverta,Draaisma,100,02/14/2015,$145141.58
737,Maighdiln,Barbrick,102,07/06/02,$139965.37
738,Bethina,Vondrys,104,09/08/05,$85767.44
739,Janella,Lownsbrough,103,02/13/2000,$103306.62
740,Berke,,100,11/08/11,$145274.10
741,Jeanette,Krolak,103,03/28/2019,$136867.15
742,Gretna,Persehouse,102,09/28/2018,$159511.49
743,Neil,Jasper,103,04/09/19,$152385.50
744,Brittaney,Matyushkin,100,11/21/2013,$158421.28
745,Corenda,Biasotti,102,10/11/01,$79425.97
746,Agretha,Allerton,103,04/24/2013,$98202.09
747,Elaina,Thrower,101,11/14/2011,$74436.58
748,Gerri,Wilkerson,103,10/27/2010,$158703.19
749,Marlie,Bickle,103,09/30/2019,$90075.10
750,Catina,Bernuzzi,101,08/10/04,$110991.02
751,Mathilde,Winsome,103,05/06/03,$119206.99
752,Dela,Lambis,103,05/11/06,$148507.02
753,Calley,Patsall,102,12/07/06,$99476.72
754,Drucie,Snalom,103,01/17/2002,$90345.12
755,Mommy,Manass,103,06/26/2006,$105081.37
756,Moise,Brotherhead,100,11/28/2018,$144666.66
757,Jone,Wellard,104,03/28/2021,$110354.38
758,Marylou,,103,09/20/2005,$157555.79
759,Evangeline,O'Heaney,100,12/16/2002,$159013.33
760,Minnnie,Perfect,102,10/21/2017,$112268.75
761,Rosella,Chestnut,103,05/13/2007,$77017.82
762,Carolyne,Woodland,100,05/05/18,$148177.21
763,Annabel,Toquet,104,06/27/2000,$144506.56
764,Mireille,Bosman,103,03/31/2013,$124612.00
765,Grannie,Spinola,101,07/14/2001,$147379.62
766,Juliette,Semonin,104,11/11/20,$132826.23
767,Mahala,Kupec,100,09/09/18,$74107.87
768,Christoforo,Armit,104,07/05/12,$115893.46
769,Lotty,McConaghy,103,11/18/2006,$102473.75
770,Demeter,Yashanov,100,12/10/07,$88043.07
771,Marsh,Hanhart,103,01/27/2007,$137049.89
772,Urbano,Bosward,104,07/07/16,$81271.72
773,Evyn,,103,10/20/2017,$149193.77
774,Fredek,Goulder,102,03/31/2002,$96207.82
775,Cassie,Saffin,100,06/16/2018,$141417.03
776,Daile,Langfitt,102,02/28/2016,$158275.27
777,Heinrick,Perrygo,104,07/30/2004,$141662.10
778,Mariya,Turneux,103,11/29/2002,$112501.05
779,Friedrich,Rego,100,12/12/18,$153330.85
780,Hephzibah,Laughren,104,12/26/2000,$128823.33
781,Tiffi,Young,100,03/14/2014,$88554.54
782,Ezri,Littlewood,102,02/21/2019,$159996.39
783,Harmony,McNeice,104,11/11/11,$121889.00
784,Antoni,Scardefield,100,12/08/03,$157891.90
785,Kordula,De Freitas,104,03/09/04,$136449.05
786,Dugald,Hadcock,101,09/24/2020,$144791.44
787,Read,Rigby,104,12/21/2019,$135006.06
788,Abrahan,Gaffon,100,02/09/08,$75314.50
789,Claudius,Ivankov,103,04/03/06,$74798.26
790,Normy,Hammor,104,01/01/06,$146054.08
791,Neil,Briereton,102,05/08/19,$91814.17
792,Devina,Geertz,101,06/17/2006,$73486.78
793,Roch,Mc Andrew,103,05/18/2009,$96834.96
794,Inez,Boxhill,102,03/01/02,$76168.02
795,Agneta,Skippon,101,06/04/19,$72977.59
796,Rolph,Dunsmore,104,09/27/2009,$147063.28
797,Maude,,103,02/25/2008,$107617.46
798,Paco,Tissiman,101,03/24/2004,$105748.78
799,Zahara,,100,01/31/2010,$119011.73
800,Dur,Vardy,102,08/05/12,$125213.92
801,Carter,Gittins,104,08/10/00,$117013.30
802,Miltie,Extall,103,04/16/2008,$99891.60
803,Teddie,Breslin,100,09/25/2011,$118682.33
804,Vladamir,O' Bee,104,12/02/19,$138034.37
805,Wade,Halt,103,03/05/02,$120288.51
806,Guillermo,Gulston,102,06/04/19,$108757.38
807,Valli,Seabridge,103,06/05/17,$89679.58
808,Felicia,Mabbutt,104,02/07/12,$123865.22
809,Tim,Fanshaw,103,08/25/2012,$137470.61
810,Patrick,Trowbridge,100,02/08/21,$120089.39
811,Bamby,Shafier,102,07/19/2014,$129568.88
812,Dorolice,Santacrole,101,01/05/11,$112824.30
813,Lezlie,Nappin,103,05/03/03,$131199.50
814,Jed,Boyland,100,06/01/13,$84232.83
815,Kylila,Greenlies,103,06/30/2019,$90510.51
816,Alethea,Thunnercliffe,100,03/13/2017,$89191.44
817,Jasmine,MacGovern,103,11/30/2003,$99277.30
818,Teodora,Dawley,102,09/02/06,$114933.06
819,Sapphire,Leivesley,103,05/17/2008,$88348.28
820,Patin,Crawford,100,01/29/2016,$96296.40
821,Ransell,Corroyer,102,04/28/2003,$115494.21
822,Sydney,Millen,100,02/03/18,$77851.01
823,Gerri,Halburton,103,02/18/2010,$76492.09
824,James,O'Kieran,102,09/21/2020,$106047.22
825,Andee,Ashplant,100,08/27/2000,$85205.87
826,Miranda,Menichillo,103,09/09/02,$114916.42
827,Jessalyn,Wilber,101,04/18/2005,$125563.61
828,Holly-anne,Greenrod,103,10/12/06,$93232.02
829,Ernestine,McCawley,101,07/26/2015,$105239.50
830,Carlina,Dudney,102,07/29/2014,$79349.16
831,Keriann,Liver,103,10/19/2011,$157179.87
832,Shaun,Wither,101,02/21/2015,$142457.09
833,Joshuah,Champagne,103,03/16/2003,$99838.79
834,Rochette,McKechnie,100,10/08/11,$153685.56
835,Daune,Viant,103,06/17/2018,$129124.04
836,Stacee,Mapam,102,10/07/04,$83432.69
837,Hallsy,Kinnerley,101,04/16/2010,$117597.75
838,Cosmo,Barczewski,103,10/01/03,$89768.05
839,Jeanne,Fippe,103,07/04/14,$102500.87
840,Luca,Renzullo,103,01/05/01,$118007.93
841,Raven,Labbet,102,10/01/13,$82737.98
842,Tristam,Swire,103,03/31/2013,$73353.89
843,Olivier,Himsworth,101,02/25/2003,$107357.48
844,Zorine,,103,10/20/2014,$105599.90
845,Seline,Highton,102,10/11/06,$141931.82
846,Mitchell,,103,03/28/2004,$76430.54
847,Tailor,Moreland,102,06/17/2000,$77777.35
848,Kelcie,Bedinn,100,07/26/2008,$106739.59
849,Katleen,Rolph,103,01/29/2007,$79223.26
850,Ganny,Hassent,102,07/06/03,$117651.29
851,Maurise,Scibsey,103,06/18/2004,$131167.96
852,Rubetta,Gregoraci,103,06/24/2015,$153916.09
853,Hildagard,Malek,103,03/20/2017,$90344.98
854,Harvey,Glasspool,102,02/10/05,$143465.14
855,Boony,Borg-Bartolo,104,06/08/07,$94538.87
856,Barnie,Camelli,103,12/02/16,$157766.29
857,Clevie,Tambling,100,08/28/2020,$130514.75
858,Betsey,Tiley,103,08/10/01,$130151.71
859,Kamila,Peddowe,102,03/14/2015,$131711.68
860,Jenelle,Blazek,103,07/11/09,$149885.50
861,Marchelle,Kinton,102,09/24/2007,$141816.46
862,Nisse,Durrance,103,01/22/2017,$121817.59
863,Rozanne,Grimsley,101,02/23/2007,$101645.30
864,Olivier,Brockherst,103,03/09/03,$137667.02
865,Izaak,,103,02/15/2019,$96118.60
866,Xenos,Blackborn,102,06/21/2017,$88162.41
867,Kathe,,103,12/03/01,$147206.29
868,Benjy,Cayton,104,12/03/04,$151606.39
869,Lisle,,101,05/07/07,$101137.40
870,Guendolen,Carlton,104,05/22/2016,$101198.33
871,Edlin,,102,03/01/17,$88919.52
872,Cointon,Parminter,104,09/22/2014,$118639.18
873,Maia,Braemer,101,01/25/2009,$92907.15
874,Chet,Munsey,100,11/26/2017,$132635.06
875,Vivie,Weatherell,103,08/26/2005,$130773.47
876,Darb,Flaherty,104,10/27/2005,$93058.73
877,Regan,Gronow,103,02/15/2019,$159200.48
878,Glenden,Plaskett,101,05/02/16,$129955.98
879,Quintilla,Willes,103,01/17/2011,$147477.17
880,Thomasin,,104,06/05/20,$136136.26
881,Paton,Brownscombe,102,01/12/21,$75096.14
882,Jana,Speers,101,02/04/20,$100178.73
883,Reuven,Dible,103,11/14/2013,$105944.54
884,Arabele,Wagon,104,09/20/2009,$115544.60
885,Emmy,Lightning,100,08/02/20,$143395.30
886,Megen,Mustarde,102,01/20/2002,$157399.30
887,Hadleigh,Swales,103,01/23/2000,$143141.27
888,Dacy,Teaser,104,07/31/2003,$121899.12
889,Scott,Le Sarr,103,12/12/14,$105050.74
890,Olva,,103,09/19/2001,$85557.02
891,Laina,Oppie,102,08/07/05,$131744.13
892,Desiree,Bertrand,100,03/30/2012,$74383.22
893,Zaria,Vasyatkin,103,02/12/15,$85781.58
894,Peterus,McTrustram,101,07/12/08,$98581.59
895,Jeniffer,Coop,103,05/10/02,$108397.61
896,Bunnie,Mandell,101,09/06/03,$87643.60
897,Tracie,Strongitharm,104,03/25/2013,$83684.88
898,Yoko,Huthart,102,07/18/2013,$102512.23
899,Ario,Haithwaite,100,03/13/2001,$104438.86
900,Mersey,Ordemann,102,05/23/2019,$73972.76
901,Trace,Hirche,103,11/28/2011,$94996.95
902,Stanford,Harbertson,101,04/30/2018,$112680.47
903,Paige,Orpin,103,05/24/2001,$146096.07
904,Kahaleel,Janusz,101,12/10/03,$152614.24
905,Katha,Vonderdell,104,11/23/2000,$92360.70
906,Westbrook,Filintsev,102,11/09/12,$92398.73
907,Reidar,,104,11/17/2003,$119538.18
908,Cynthia,Capini,101,06/27/2011,$122882.57
909,Tedra,MacAree,103,04/07/17,$121403.49
910,Yulma,Selland,102,08/04/00,$106021.50
911,Sly,Shrubshall,100,01/06/09,$143772.56
912,Dee,,103,09/04/13,$139388.62
913,Sanderson,Rowthorne,102,11/06/05,$152366.20
914,Morten,Hursey,104,03/30/2000,$91838.38
915,Rhodie,Marklund,101,07/29/2011,$127531.48
916,Ravid,Houtby,104,10/02/13,$142776.96
917,Adolph,Pegg,102,10/09/06,$70963.92
918,Wash,,103,06/05/06,$151635.80
919,Teddie,Rollinson,101,04/30/2015,$133849.79
920,Keen,Ronchetti,103,04/04/15,$142308.59
921,Andrus,,104,10/16/2007,$155386.71
922,Mead,Aitchison,104,07/24/2020,$81259.82
923,Judi,Brabben,103,10/05/03,$154607.81
924,Kelci,Drinkhall,103,10/05/03,$89802.85
925,Geoffrey,Matton,102,07/04/07,$154642.58
926,Terrie,Rosenhaupt,100,01/18/2004,$109494.53
927,Elga,Bottrell,103,10/15/2019,$102999.52
928,Carmine,Mahood,102,12/10/09,$87535.14
929,Wolfgang,Magnar,103,05/14/2017,$135979.30
930,Bourke,Scranny,101,02/07/12,$126902.29
931,Luce,Jeffs,103,06/16/2014,$125588.97
932,Rossie,Greaterex,104,05/13/2008,$80215.68
933,Brandice,Strongman,103,12/07/13,$153629.96
934,Gregoire,Heatlie,103,01/10/10,$88231.35
935,Niki,Bolin,104,02/20/2009,$157179.40
936,Claudie,,103,12/19/2007,$129747.40
937,Persis,Fleming,102,07/01/12,$112558.93
938,Ellswerth,Cassel,104,10/19/2011,$84464.31
939,Grazia,Bridgewood,101,09/16/2015,$130150.70
940,Harry,Ohms,102,01/21/2003,$141636.20
941,Daisey,Sussams,103,03/25/2004,$125589.30
942,Toby,Feasby,100,11/03/18,$108066.19
943,Rutter,Brearley,102,05/26/2002,$99952.20
944,Elora,Liddiard,103,07/14/2013,$77063.40
945,Berry,Scrange,101,03/07/10,$91346.24
946,Jeniffer,Emlen,103,02/28/2019,$96431.13
947,Bamby,Sangster,102,05/11/03,$74391.35
948,Skye,Robbey,104,11/12/07,$88929.92
949,Dorie,Blenkharn,103,07/06/00,$72159.40
950,Jodie,Bellino,101,05/30/2008,$99622.72
951,Jens,Chantrell,103,04/28/2000,$144483.46
952,Rayshell,Tuckey,103,06/17/2005,$109649.93
953,Brendis,Guenther,102,12/30/2006,$159507.99
954,Yves,Ivanilov,103,05/21/2011,$82856.08
955,John,Cockell,103,01/23/2018,$107760.90
956,Gerta,Friese,102,08/02/10,$94172.99
957,Manda,Constance,100,07/24/2010,$70665.54
958,Raye,Cortnay,104,07/25/2020,$83123.28
959,Randal,Sieur,100,11/16/2005,$110835.65
960,Kaleena,Broadbridge,100,05/04/00,$84374.30
961,Nickolaus,Jeandel,100,03/30/2017,$86012.39
962,Terrell,Sherborne,100,08/29/2004,$132266.41
963,Hershel,Laurenzi,100,01/01/14,$117301.49
964,Billie,Gussin,100,10/15/2020,$105504.11
965,Livvyy,Ramey,100,09/26/2016,$129510.47
966,Skippy,Lantuff,100,05/24/2015,$136152.16
967,Guenevere,Delaney,100,11/02/09,$87272.12
968,Alonzo,Linne,100,06/10/16,$132535.65
969,Alan,Nason,100,10/05/18,$94071.81
970,Bryon,,100,04/25/2019,$151286.57
971,Wendall,Slocumb,103,07/30/2004,$121957.35
972,Minny,De Benedictis,102,12/27/2008,$117567.77
973,Emlyn,Bleibaum,104,10/01/07,$159634.81
974,Rosmunda,Haveline,101,11/15/2003,$72859.42
975,Bryanty,Keasley,104,08/23/2016,$142288.32
976,Adan,Iacovazzi,102,06/15/2004,$132759.01
977,Kizzie,Warters,104,12/31/2007,$117829.46
978,Pen,Rizziello,100,04/06/20,$100976.72
979,Serene,Shaw,104,12/21/2009,$146400.19
980,Chancey,Cordall,103,11/18/2015,$117405.64
981,Beryl,Andreuzzi,102,07/12/03,$153081.27
982,Aggi,Lamps,103,01/29/2015,$78400.83
983,Liva,Wadley,103,09/24/2015,$152807.90
984,Belia,Leeder,100,03/23/2003,$108726.92
985,Frances,Haylands,104,11/13/2008,$108875.46
986,Trefor,Gillooly,103,02/20/2010,$143079.11
987,Nina,Stadding,102,09/10/19,$91758.72
988,Jewelle,Augustus,100,12/15/2008,$91659.81
989,Madonna,Coopey,102,01/27/2011,$111143.41
990,Billy,Wilprecht,103,05/15/2000,$123395.31
991,Millisent,Lauga,100,04/17/2017,$73747.81
992,Odelia,Wandrich,104,10/27/2018,$123238.96
993,Gail,Stelli,102,12/28/2013,$114309.05
994,Devora,Ferraro,103,11/14/2017,$145644.27
995,Barrie,Caulket,101,04/03/15,$73524.34
996,Borg,Abell,100,09/11/19,$80907.50
997,Hedi,Rodbourne,104,07/28/2011,$99375.97
998,Simeon,MacKomb,102,06/13/2019,$113990.80
999,Staford,Markwell,101,06/21/2004,$155892.50
1000,Rosemonde,,100,06/17/2000,$91761.72